record_id,decision_ts,measurement
synthetic-000,2000-01-01T00:00:00+00:00,10
synthetic-001,2000-01-02T00:00:00+00:00,12
synthetic-002,2000-01-03T00:00:00+00:00,11
synthetic-003,2000-01-04T00:00:00+00:00,14
synthetic-004,2000-01-05T00:00:00+00:00,14
synthetic-005,2000-01-06T00:00:00+00:00,13
synthetic-006,2000-01-07T00:00:00+00:00,15
synthetic-007,2000-01-08T00:00:00+00:00,16
synthetic-008,2000-01-09T00:00:00+00:00,12
synthetic-009,2000-01-10T00:00:00+00:00,17
synthetic-010,2000-01-11T00:00:00+00:00,15
synthetic-011,2000-01-12T00:00:00+00:00,18
